Country,IUCN,Species,Value
Australia,CRITICAL,Amphibians,15.0
Australia,CRITICAL,Birds,17.0
Australia,CRITICAL,Fish,7.0
Australia,CRITICAL,Freshwater Fish,3.0
Australia,CRITICAL,Invertebrates,30.0
Australia,CRITICAL,Mammals,10.0
Australia,CRITICAL,Marine Fish,4.0
Australia,CRITICAL,Reptiles,10.0
Australia,CRITICAL,Vascular plants,198.0
Australia,ENDANGERED,Amphibians,10.0
Australia,ENDANGERED,Birds,55.0
Australia,ENDANGERED,Fish,19.0
Australia,ENDANGERED,Freshwater Fish,17.0
Australia,ENDANGERED,Invertebrates,22.0
Australia,ENDANGERED,Mammals,38.0
Australia,ENDANGERED,Marine Fish,2.0
Australia,ENDANGERED,Reptiles,20.0
Australia,ENDANGERED,Vascular plants,555.0
Australia,TOT_KNOWN,Amphibians,239.0
Australia,TOT_KNOWN,Birds,799.0
Australia,TOT_KNOWN,Fish,5305.0
Australia,TOT_KNOWN,Freshwater Fish,375.0
Australia,TOT_KNOWN,Invertebrates,114095.0
Australia,TOT_KNOWN,Mammals,380.0
Australia,TOT_KNOWN,Marine Fish,5051.0
Australia,TOT_KNOWN,Reptiles,1080.0
Australia,TOT_KNOWN,Vascular plants,23968.0
Australia,VULNERABLE,Amphibians,12.0
Australia,VULNERABLE,Birds,63.0
Australia,VULNERABLE,Fish,24.0
Australia,VULNERABLE,Freshwater Fish,16.0
Australia,VULNERABLE,Invertebrates,13.0
Australia,VULNERABLE,Mammals,59.0
Australia,VULNERABLE,Marine Fish,8.0
Australia,VULNERABLE,Reptiles,31.0
Australia,VULNERABLE,Vascular plants,588.0
Austria,CRITICAL,Amphibians,1.0
Austria,CRITICAL,Birds,14.0
Austria,CRITICAL,Fish,6.0
Austria,CRITICAL,Freshwater Fish,6.0
Austria,CRITICAL,Invertebrates,302.0
Austria,CRITICAL,Lichens,57.0
Austria,CRITICAL,Mammals,4.0
Austria,CRITICAL,Mosses,34.0
Austria,CRITICAL,Reptiles,3.0
Austria,CRITICAL,Vascular plants,172.0
Austria,ENDANGERED,Amphibians,3.0
Austria,ENDANGERED,Birds,24.0
Austria,ENDANGERED,Fish,18.0
Austria,ENDANGERED,Freshwater Fish,18.0
Austria,ENDANGERED,Invertebrates,310.0
Austria,ENDANGERED,Lichens,135.0
Austria,ENDANGERED,Mammals,6.0
Austria,ENDANGERED,Mosses,69.0
Austria,ENDANGERED,Reptiles,3.0
Austria,ENDANGERED,Vascular plants,348.0
Austria,TOT_KNOWN,Amphibians,20.0
Austria,TOT_KNOWN,Birds,213.0
Austria,TOT_KNOWN,Fish,84.0
Austria,TOT_KNOWN,Freshwater Fish,84.0
Austria,TOT_KNOWN,Invertebrates,45244.0
Austria,TOT_KNOWN,Lichens,2100.0
Austria,TOT_KNOWN,Mammals,101.0
Austria,TOT_KNOWN,Mosses,1016.0
Austria,TOT_KNOWN,Reptiles,14.0
Austria,TOT_KNOWN,Vascular plants,2950.0
Austria,VULNERABLE,Amphibians,8.0
Austria,VULNERABLE,Birds,28.0
Austria,VULNERABLE,Fish,15.0
Austria,VULNERABLE,Freshwater Fish,15.0
Austria,VULNERABLE,Invertebrates,356.0
Austria,VULNERABLE,Lichens,251.0
Austria,VULNERABLE,Mammals,17.0
Austria,VULNERABLE,Mosses,135.0
Austria,VULNERABLE,Reptiles,3.0
Austria,VULNERABLE,Vascular plants,465.0
Belgium,CRITICAL,Birds,20.0
Belgium,CRITICAL,Fish,3.0
Belgium,CRITICAL,Freshwater Fish,1.0
Belgium,CRITICAL,Invertebrates,135.0
Belgium,CRITICAL,Mammals,4.0
Belgium,CRITICAL,Marine Fish,2.0
Belgium,CRITICAL,Vascular plants,253.0
Belgium,ENDANGERED,Birds,15.0
Belgium,ENDANGERED,Fish,4.0
Belgium,ENDANGERED,Freshwater Fish,1.0
Belgium,ENDANGERED,Invertebrates,201.0
Belgium,ENDANGERED,Mammals,2.0
Belgium,ENDANGERED,Marine Fish,3.0
Belgium,ENDANGERED,Vascular plants,107.0
Belgium,TOT_KNOWN,Birds,198.0
Belgium,TOT_KNOWN,Fish,142.0
Belgium,TOT_KNOWN,Freshwater Fish,43.0
Belgium,TOT_KNOWN,Invertebrates,5238.0
Belgium,TOT_KNOWN,Mammals,84.0
Belgium,TOT_KNOWN,Marine Fish,99.0
Belgium,TOT_KNOWN,Vascular plants,1818.0
Belgium,VULNERABLE,Birds,20.0
Belgium,VULNERABLE,Fish,22.0
Belgium,VULNERABLE,Freshwater Fish,13.0
Belgium,VULNERABLE,Invertebrates,230.0
Belgium,VULNERABLE,Mammals,12.0
Belgium,VULNERABLE,Marine Fish,9.0
Belgium,VULNERABLE,Vascular plants,63.0
Brazil,CRITICAL,Amphibians,18.0
Brazil,ENDANGERED,Amphibians,12.0
Brazil,TOT_KNOWN,Amphibians,877.0
Brazil,VULNERABLE,Amphibians,11.0
Canada,CRITICAL,Amphibians,2.0
Canada,CRITICAL,Birds,26.0
Canada,CRITICAL,Fish,9.0
Canada,CRITICAL,Freshwater Fish,6.0
Canada,CRITICAL,Invertebrates,205.0
Canada,CRITICAL,Lichens,70.0
Canada,CRITICAL,Mammals,11.0
Canada,CRITICAL,Marine Fish,3.0
Canada,CRITICAL,Mosses,75.0
Canada,CRITICAL,Vascular plants,315.0
Canada,ENDANGERED,Amphibians,5.0
Canada,ENDANGERED,Birds,14.0
Canada,ENDANGERED,Fish,25.0
Canada,ENDANGERED,Freshwater Fish,14.0
Canada,ENDANGERED,Invertebrates,295.0
Canada,ENDANGERED,Lichens,51.0
Canada,ENDANGERED,Mammals,10.0
Canada,ENDANGERED,Marine Fish,11.0
Canada,ENDANGERED,Mosses,85.0
Canada,ENDANGERED,Vascular plants,325.0
Canada,TOT_KNOWN,Amphibians,47.0
Canada,TOT_KNOWN,Birds,674.0
Canada,TOT_KNOWN,Fish,1376.0
Canada,TOT_KNOWN,Freshwater Fish,165.0
Canada,TOT_KNOWN,Invertebrates,19938.0
Canada,TOT_KNOWN,Lichens,857.0
Canada,TOT_KNOWN,Mammals,221.0
Canada,TOT_KNOWN,Marine Fish,1211.0
Canada,TOT_KNOWN,Mosses,1373.0
Canada,TOT_KNOWN,Vascular plants,5185.0
Canada,VULNERABLE,Amphibians,9.0
Canada,VULNERABLE,Birds,48.0
Canada,VULNERABLE,Fish,54.0
Canada,VULNERABLE,Freshwater Fish,16.0
Canada,VULNERABLE,Invertebrates,765.0
Canada,VULNERABLE,Lichens,63.0
Canada,VULNERABLE,Mammals,31.0
Canada,VULNERABLE,Marine Fish,38.0
Canada,VULNERABLE,Mosses,134.0
Canada,VULNERABLE,Vascular plants,467.0
Chile,CRITICAL,Amphibians,10.0
Chile,CRITICAL,Birds,2.0
Chile,CRITICAL,Fish,1.0
Chile,CRITICAL,Freshwater Fish,1.0
Chile,CRITICAL,Invertebrates,33.0
Chile,CRITICAL,Mammals,3.0
Chile,CRITICAL,Mosses,1.0
Chile,CRITICAL,Reptiles,9.0
Chile,CRITICAL,Vascular plants,74.0
Chile,ENDANGERED,Amphibians,23.0
Chile,ENDANGERED,Birds,25.0
Chile,ENDANGERED,Fish,23.0
Chile,ENDANGERED,Freshwater Fish,23.0
Chile,ENDANGERED,Invertebrates,63.0
Chile,ENDANGERED,Mammals,13.0
Chile,ENDANGERED,Mosses,4.0
Chile,ENDANGERED,Reptiles,18.0
Chile,ENDANGERED,Vascular plants,199.0
Chile,TOT_KNOWN,Amphibians,65.0
Chile,TOT_KNOWN,Birds,510.0
Chile,TOT_KNOWN,Fish,1272.0
Chile,TOT_KNOWN,Freshwater Fish,72.0
Chile,TOT_KNOWN,Invertebrates,12220.0
Chile,TOT_KNOWN,Mammals,185.0
Chile,TOT_KNOWN,Mosses,923.0
Chile,TOT_KNOWN,Reptiles,140.0
Chile,TOT_KNOWN,Vascular plants,6103.0
Chile,VULNERABLE,Amphibians,11.0
Chile,VULNERABLE,Birds,19.0
Chile,VULNERABLE,Fish,14.0
Chile,VULNERABLE,Freshwater Fish,13.0
Chile,VULNERABLE,Invertebrates,23.0
Chile,VULNERABLE,Mammals,20.0
Chile,VULNERABLE,Mosses,4.0
Chile,VULNERABLE,Reptiles,25.0
Chile,VULNERABLE,Vascular plants,153.0
Colombia,CRITICAL,Amphibians,75.0
Colombia,CRITICAL,Birds,16.0
Colombia,CRITICAL,Fish,7.0
Colombia,CRITICAL,Freshwater Fish,2.0
Colombia,CRITICAL,Invertebrates,6.0
Colombia,CRITICAL,Lichens,0.0
Colombia,CRITICAL,Marine Fish,1.0
Colombia,CRITICAL,Mosses,6.0
Colombia,CRITICAL,Reptiles,11.0
Colombia,CRITICAL,Vascular plants,112.0
Colombia,ENDANGERED,Amphibians,123.0
Colombia,ENDANGERED,Birds,40.0
Colombia,ENDANGERED,Fish,10.0
Colombia,ENDANGERED,Freshwater Fish,3.0
Colombia,ENDANGERED,Invertebrates,44.0
Colombia,ENDANGERED,Lichens,0.0
Colombia,ENDANGERED,Marine Fish,2.0
Colombia,ENDANGERED,Mosses,4.0
Colombia,ENDANGERED,Reptiles,16.0
Colombia,ENDANGERED,Vascular plants,264.0
Colombia,TOT_KNOWN,Amphibians,850.0
Colombia,TOT_KNOWN,Birds,1954.0
Colombia,TOT_KNOWN,Fish,4192.0
Colombia,TOT_KNOWN,Freshwater Fish,1610.0
Colombia,TOT_KNOWN,Invertebrates,10999.0
Colombia,TOT_KNOWN,Lichens,1673.0
Colombia,TOT_KNOWN,Marine Fish,2582.0
Colombia,TOT_KNOWN,Mosses,1718.0
Colombia,TOT_KNOWN,Reptiles,743.0
Colombia,TOT_KNOWN,Vascular plants,24633.0
Colombia,VULNERABLE,Amphibians,101.0
Colombia,VULNERABLE,Birds,80.0
Colombia,VULNERABLE,Fish,92.0
Colombia,VULNERABLE,Freshwater Fish,46.0
Colombia,VULNERABLE,Invertebrates,48.0
Colombia,VULNERABLE,Lichens,0.0
Colombia,VULNERABLE,Marine Fish,9.0
Colombia,VULNERABLE,Mosses,32.0
Colombia,VULNERABLE,Reptiles,17.0
Colombia,VULNERABLE,Vascular plants,345.0
Costa Rica,CRITICAL,Amphibians,23.0
Costa Rica,CRITICAL,Birds,2.0
Costa Rica,CRITICAL,Fish,1.0
Costa Rica,CRITICAL,Invertebrates,3.0
Costa Rica,CRITICAL,Mammals,1.0
Costa Rica,CRITICAL,Reptiles,2.0
Costa Rica,CRITICAL,Vascular plants,4.0
Costa Rica,ENDANGERED,Amphibians,22.0
Costa Rica,ENDANGERED,Birds,8.0
Costa Rica,ENDANGERED,Fish,9.0
Costa Rica,ENDANGERED,Invertebrates,13.0
Costa Rica,ENDANGERED,Mammals,7.0
Costa Rica,ENDANGERED,Reptiles,5.0
Costa Rica,ENDANGERED,Vascular plants,47.0
Costa Rica,TOT_KNOWN,Amphibians,192.0
Costa Rica,TOT_KNOWN,Birds,888.0
Costa Rica,TOT_KNOWN,Fish,1835.0
Costa Rica,TOT_KNOWN,Invertebrates,447.0
Costa Rica,TOT_KNOWN,Mammals,241.0
Costa Rica,TOT_KNOWN,Reptiles,173.0
Costa Rica,TOT_KNOWN,Vascular plants,1179.0
Costa Rica,VULNERABLE,Amphibians,16.0
Costa Rica,VULNERABLE,Birds,20.0
Costa Rica,VULNERABLE,Fish,58.0
Costa Rica,VULNERABLE,Invertebrates,15.0
Costa Rica,VULNERABLE,Mammals,10.0
Costa Rica,VULNERABLE,Reptiles,5.0
Costa Rica,VULNERABLE,Vascular plants,86.0
Czech Republic,CRITICAL,Amphibians,1.0
Czech Republic,CRITICAL,Birds,35.0
Czech Republic,CRITICAL,Fish,15.0
Czech Republic,CRITICAL,Freshwater Fish,15.0
Czech Republic,CRITICAL,Invertebrates,1014.0
Czech Republic,CRITICAL,Lichens,136.0
Czech Republic,CRITICAL,Mammals,10.0
Czech Republic,CRITICAL,Mosses,70.0
Czech Republic,CRITICAL,Reptiles,1.0
Czech Republic,CRITICAL,Vascular plants,284.0
Czech Republic,ENDANGERED,Amphibians,3.0
Czech Republic,ENDANGERED,Birds,35.0
Czech Republic,ENDANGERED,Fish,2.0
Czech Republic,ENDANGERED,Freshwater Fish,2.0
Czech Republic,ENDANGERED,Invertebrates,1173.0
Czech Republic,ENDANGERED,Lichens,186.0
Czech Republic,ENDANGERED,Mammals,1.0
Czech Republic,ENDANGERED,Mosses,88.0
Czech Republic,ENDANGERED,Reptiles,3.0
Czech Republic,ENDANGERED,Vascular plants,412.0
Czech Republic,TOT_KNOWN,Amphibians,12.0
Czech Republic,TOT_KNOWN,Birds,237.0
Czech Republic,TOT_KNOWN,Fish,99.0
Czech Republic,TOT_KNOWN,Freshwater Fish,99.0
Czech Republic,TOT_KNOWN,Invertebrates,32627.0
Czech Republic,TOT_KNOWN,Lichens,1526.0
Czech Republic,TOT_KNOWN,Mammals,95.0
Czech Republic,TOT_KNOWN,Mosses,892.0
Czech Republic,TOT_KNOWN,Reptiles,12.0
Czech Republic,TOT_KNOWN,Vascular plants,2256.0
Czech Republic,VULNERABLE,Amphibians,3.0
Czech Republic,VULNERABLE,Birds,45.0
Czech Republic,VULNERABLE,Fish,8.0
Czech Republic,VULNERABLE,Freshwater Fish,8.0
Czech Republic,VULNERABLE,Invertebrates,1339.0
Czech Republic,VULNERABLE,Lichens,247.0
Czech Republic,VULNERABLE,Mammals,4.0
Czech Republic,VULNERABLE,Mosses,93.0
Czech Republic,VULNERABLE,Reptiles,3.0
Czech Republic,VULNERABLE,Vascular plants,212.0
Denmark,CRITICAL,Amphibians,1.0
Denmark,CRITICAL,Birds,24.0
Denmark,CRITICAL,Fish,3.0
Denmark,CRITICAL,Invertebrates,104.0
Denmark,CRITICAL,Lichens,84.0
Denmark,CRITICAL,Mammals,1.0
Denmark,CRITICAL,Mosses,5.0
Denmark,CRITICAL,Vascular plants,33.0
Denmark,ENDANGERED,Amphibians,4.0
Denmark,ENDANGERED,Birds,15.0
Denmark,ENDANGERED,Fish,3.0
Denmark,ENDANGERED,Invertebrates,179.0
Denmark,ENDANGERED,Lichens,50.0
Denmark,ENDANGERED,Mammals,2.0
Denmark,ENDANGERED,Mosses,13.0
Denmark,ENDANGERED,Vascular plants,101.0
Denmark,TOT_KNOWN,Amphibians,15.0
Denmark,TOT_KNOWN,Birds,241.0
Denmark,TOT_KNOWN,Fish,238.0
Denmark,TOT_KNOWN,Invertebrates,4270.0
Denmark,TOT_KNOWN,Lichens,1002.0
Denmark,TOT_KNOWN,Mammals,71.0
Denmark,TOT_KNOWN,Mosses,452.0
Denmark,TOT_KNOWN,Vascular plants,2918.0
Denmark,VULNERABLE,Amphibians,1.0
Denmark,VULNERABLE,Birds,45.0
Denmark,VULNERABLE,Fish,2.0
Denmark,VULNERABLE,Invertebrates,319.0
Denmark,VULNERABLE,Lichens,87.0
Denmark,VULNERABLE,Mammals,6.0
Denmark,VULNERABLE,Mosses,33.0
Denmark,VULNERABLE,Vascular plants,28.0
Estonia,CRITICAL,Birds,23.0
Estonia,CRITICAL,Fish,3.0
Estonia,CRITICAL,Freshwater Fish,3.0
Estonia,CRITICAL,Invertebrates,39.0
Estonia,CRITICAL,Lichens,64.0
Estonia,CRITICAL,Marine Fish,2.0
Estonia,CRITICAL,Mosses,19.0
Estonia,CRITICAL,Vascular plants,35.0
Estonia,ENDANGERED,Birds,31.0
Estonia,ENDANGERED,Fish,1.0
Estonia,ENDANGERED,Freshwater Fish,1.0
Estonia,ENDANGERED,Invertebrates,43.0
Estonia,ENDANGERED,Lichens,74.0
Estonia,ENDANGERED,Marine Fish,1.0
Estonia,ENDANGERED,Mosses,24.0
Estonia,ENDANGERED,Vascular plants,67.0
Estonia,TOT_KNOWN,Birds,234.0
Estonia,TOT_KNOWN,Fish,103.0
Estonia,TOT_KNOWN,Freshwater Fish,54.0
Estonia,TOT_KNOWN,Invertebrates,9808.0
Estonia,TOT_KNOWN,Lichens,556.0
Estonia,TOT_KNOWN,Marine Fish,66.0
Estonia,TOT_KNOWN,Mosses,598.0
Estonia,TOT_KNOWN,Vascular plants,2013.0
Estonia,VULNERABLE,Birds,41.0
Estonia,VULNERABLE,Fish,5.0
Estonia,VULNERABLE,Freshwater Fish,5.0
Estonia,VULNERABLE,Invertebrates,37.0
Estonia,VULNERABLE,Lichens,43.0
Estonia,VULNERABLE,Marine Fish,1.0
Estonia,VULNERABLE,Mosses,116.0
Estonia,VULNERABLE,Vascular plants,102.0
Finland,CRITICAL,Amphibians,0.0
Finland,CRITICAL,Birds,13.0
Finland,CRITICAL,Freshwater Fish,4.0
Finland,CRITICAL,Invertebrates,123.0
Finland,CRITICAL,Lichens,63.0
Finland,CRITICAL,Mammals,1.0
Finland,CRITICAL,Mosses,37.0
Finland,CRITICAL,Reptiles,0.0
Finland,CRITICAL,Vascular plants,31.0
Finland,ENDANGERED,Amphibians,1.0
Finland,ENDANGERED,Birds,36.0
Finland,ENDANGERED,Freshwater Fish,3.0
Finland,ENDANGERED,Invertebrates,393.0
Finland,ENDANGERED,Lichens,81.0
Finland,ENDANGERED,Mammals,4.0
Finland,ENDANGERED,Mosses,70.0
Finland,ENDANGERED,Reptiles,0.0
Finland,ENDANGERED,Vascular plants,88.0
Finland,TOT_KNOWN,Amphibians,7.0
Finland,TOT_KNOWN,Birds,248.0
Finland,TOT_KNOWN,Freshwater Fish,69.0
Finland,TOT_KNOWN,Invertebrates,23950.0
Finland,TOT_KNOWN,Lichens,1594.0
Finland,TOT_KNOWN,Mammals,75.0
Finland,TOT_KNOWN,Mosses,892.0
Finland,TOT_KNOWN,Reptiles,5.0
Finland,TOT_KNOWN,Vascular plants,1240.0
Finland,VULNERABLE,Amphibians,0.0
Finland,VULNERABLE,Birds,38.0
Finland,VULNERABLE,Freshwater Fish,5.0
Finland,VULNERABLE,Invertebrates,739.0
Finland,VULNERABLE,Lichens,124.0
Finland,VULNERABLE,Mammals,2.0
Finland,VULNERABLE,Mosses,76.0
Finland,VULNERABLE,Reptiles,1.0
Finland,VULNERABLE,Vascular plants,78.0
France,CRITICAL,Amphibians,0.0
France,CRITICAL,Birds,16.0
France,CRITICAL,Fish,7.0
France,CRITICAL,Freshwater Fish,4.0
France,CRITICAL,Invertebrates,18.0
France,CRITICAL,Mammals,3.0
France,CRITICAL,Marine Fish,3.0
France,CRITICAL,Reptiles,0.0
France,CRITICAL,Vascular plants,51.0
France,ENDANGERED,Amphibians,3.0
France,ENDANGERED,Birds,33.0
France,ENDANGERED,Fish,11.0
France,ENDANGERED,Freshwater Fish,6.0
France,ENDANGERED,Invertebrates,22.0
France,ENDANGERED,Mammals,4.0
France,ENDANGERED,Marine Fish,5.0
France,ENDANGERED,Reptiles,3.0
France,ENDANGERED,Vascular plants,132.0
France,TOT_KNOWN,Amphibians,35.0
France,TOT_KNOWN,Birds,396.0
France,TOT_KNOWN,Fish,163.0
France,TOT_KNOWN,Freshwater Fish,80.0
France,TOT_KNOWN,Invertebrates,1060.0
France,TOT_KNOWN,Mammals,125.0
France,TOT_KNOWN,Marine Fish,83.0
France,TOT_KNOWN,Reptiles,38.0
France,TOT_KNOWN,Vascular plants,4982.0
France,VULNERABLE,Amphibians,5.0
France,VULNERABLE,Birds,58.0
France,VULNERABLE,Fish,8.0
France,VULNERABLE,Freshwater Fish,5.0
France,VULNERABLE,Invertebrates,179.0
France,VULNERABLE,Mammals,10.0
France,VULNERABLE,Marine Fish,3.0
France,VULNERABLE,Reptiles,6.0
France,VULNERABLE,Vascular plants,238.0
Germany,CRITICAL,Amphibians,0.0
Germany,CRITICAL,Birds,30.0
Germany,CRITICAL,Fish,12.0
Germany,CRITICAL,Freshwater Fish,8.0
Germany,CRITICAL,Invertebrates,559.0
Germany,CRITICAL,Lichens,337.0
Germany,CRITICAL,Mammals,7.0
Germany,CRITICAL,Marine Fish,4.0
Germany,CRITICAL,Mosses,45.0
Germany,CRITICAL,Vascular plants,212.0
Germany,ENDANGERED,Amphibians,2.0
Germany,ENDANGERED,Birds,24.0
Germany,ENDANGERED,Fish,14.0
Germany,ENDANGERED,Freshwater Fish,9.0
Germany,ENDANGERED,Invertebrates,1010.0
Germany,ENDANGERED,Lichens,169.0
Germany,ENDANGERED,Mammals,10.0
Germany,ENDANGERED,Marine Fish,5.0
Germany,ENDANGERED,Mosses,114.0
Germany,ENDANGERED,Vascular plants,378.0
Germany,TOT_KNOWN,Amphibians,22.0
Germany,TOT_KNOWN,Birds,280.0
Germany,TOT_KNOWN,Fish,197.0
Germany,TOT_KNOWN,Freshwater Fish,103.0
Germany,TOT_KNOWN,Invertebrates,10434.0
Germany,TOT_KNOWN,Lichens,2380.0
Germany,TOT_KNOWN,Mammals,107.0
Germany,TOT_KNOWN,Marine Fish,94.0
Germany,TOT_KNOWN,Mosses,1195.0
Germany,TOT_KNOWN,Vascular plants,4305.0
Germany,VULNERABLE,Amphibians,6.0
Germany,VULNERABLE,Birds,40.0
Germany,VULNERABLE,Fish,23.0
Germany,VULNERABLE,Freshwater Fish,11.0
Germany,VULNERABLE,Invertebrates,2183.0
Germany,VULNERABLE,Lichens,546.0
Germany,VULNERABLE,Mammals,22.0
Germany,VULNERABLE,Marine Fish,12.0
Germany,VULNERABLE,Mosses,250.0
Germany,VULNERABLE,Vascular plants,820.0
Greece,CRITICAL,Amphibians,1.0
Greece,CRITICAL,Birds,14.0
Greece,CRITICAL,Fish,19.0
Greece,CRITICAL,Freshwater Fish,14.0
Greece,CRITICAL,Mammals,3.0
Greece,CRITICAL,Marine Fish,5.0
Greece,CRITICAL,Reptiles,1.0
Greece,CRITICAL,Vascular plants,17.0
Greece,ENDANGERED,Amphibians,2.0
Greece,ENDANGERED,Birds,17.0
Greece,ENDANGERED,Fish,16.0
Greece,ENDANGERED,Freshwater Fish,12.0
Greece,ENDANGERED,Mammals,13.0
Greece,ENDANGERED,Marine Fish,4.0
Greece,ENDANGERED,Reptiles,2.0
Greece,ENDANGERED,Vascular plants,64.0
Greece,TOT_KNOWN,Amphibians,23.0
Greece,TOT_KNOWN,Birds,440.0
Greece,TOT_KNOWN,Fish,665.0
Greece,TOT_KNOWN,Freshwater Fish,154.0
Greece,TOT_KNOWN,Mammals,115.0
Greece,TOT_KNOWN,Marine Fish,511.0
Greece,TOT_KNOWN,Reptiles,66.0
Greece,TOT_KNOWN,Vascular plants,5850.0
Greece,VULNERABLE,Amphibians,3.0
Greece,VULNERABLE,Birds,31.0
Greece,VULNERABLE,Fish,28.0
Greece,VULNERABLE,Freshwater Fish,23.0
Greece,VULNERABLE,Mammals,13.0
Greece,VULNERABLE,Marine Fish,5.0
Greece,VULNERABLE,Reptiles,6.0
Greece,VULNERABLE,Vascular plants,174.0
Hungary,CRITICAL,Birds,23.0
Hungary,CRITICAL,Invertebrates,9.0
Hungary,CRITICAL,Lichens,24.0
Hungary,CRITICAL,Mammals,5.0
Hungary,CRITICAL,Mosses,20.0
Hungary,CRITICAL,Vascular plants,115.0
Hungary,ENDANGERED,Birds,20.0
Hungary,ENDANGERED,Invertebrates,7.0
Hungary,ENDANGERED,Lichens,44.0
Hungary,ENDANGERED,Mammals,3.0
Hungary,ENDANGERED,Mosses,90.0
Hungary,ENDANGERED,Vascular plants,162.0
Hungary,TOT_KNOWN,Birds,238.0
Hungary,TOT_KNOWN,Invertebrates,87.0
Hungary,TOT_KNOWN,Lichens,715.0
Hungary,TOT_KNOWN,Mammals,87.0
Hungary,TOT_KNOWN,Mosses,659.0
Hungary,TOT_KNOWN,Vascular plants,2721.0
Hungary,VULNERABLE,Birds,35.0
Hungary,VULNERABLE,Invertebrates,8.0
Hungary,VULNERABLE,Lichens,45.0
Hungary,VULNERABLE,Mammals,6.0
Hungary,VULNERABLE,Mosses,63.0
Hungary,VULNERABLE,Vascular plants,105.0
Iceland,CRITICAL,Birds,6.0
Iceland,ENDANGERED,Birds,11.0
Iceland,TOT_KNOWN,Birds,75.0
Iceland,VULNERABLE,Birds,16.0
Ireland,CRITICAL,Invertebrates,28.0
Ireland,CRITICAL,Marine Fish,6.0
Ireland,CRITICAL,Mosses,19.0
Ireland,CRITICAL,Vascular plants,20.0
Ireland,ENDANGERED,Invertebrates,51.0
Ireland,ENDANGERED,Marine Fish,5.0
Ireland,ENDANGERED,Mosses,30.0
Ireland,ENDANGERED,Vascular plants,25.0
Ireland,TOT_KNOWN,Invertebrates,1230.0
Ireland,TOT_KNOWN,Marine Fish,376.0
Ireland,TOT_KNOWN,Mosses,596.0
Ireland,TOT_KNOWN,Vascular plants,1050.0
Ireland,VULNERABLE,Invertebrates,100.0
Ireland,VULNERABLE,Marine Fish,6.0
Ireland,VULNERABLE,Mosses,64.0
Ireland,VULNERABLE,Vascular plants,56.0
Italy,CRITICAL,Amphibians,0.0
Italy,CRITICAL,Birds,10.0
Italy,CRITICAL,Fish,21.0
Italy,CRITICAL,Freshwater Fish,11.0
Italy,CRITICAL,Invertebrates,88.0
Italy,CRITICAL,Mammals,2.0
Italy,CRITICAL,Marine Fish,10.0
Italy,CRITICAL,Reptiles,1.0
Italy,CRITICAL,Vascular plants,193.0
Italy,ENDANGERED,Amphibians,4.0
Italy,ENDANGERED,Birds,36.0
Italy,ENDANGERED,Fish,12.0
Italy,ENDANGERED,Freshwater Fish,6.0
Italy,ENDANGERED,Invertebrates,136.0
Italy,ENDANGERED,Mammals,8.0
Italy,ENDANGERED,Marine Fish,6.0
Italy,ENDANGERED,Reptiles,5.0
Italy,ENDANGERED,Vascular plants,269.0
Italy,TOT_KNOWN,Amphibians,44.0
Italy,TOT_KNOWN,Birds,278.0
Italy,TOT_KNOWN,Fish,641.0
Italy,TOT_KNOWN,Freshwater Fish,97.0
Italy,TOT_KNOWN,Invertebrates,58632.0
Italy,TOT_KNOWN,Mammals,126.0
Italy,TOT_KNOWN,Marine Fish,544.0
Italy,TOT_KNOWN,Reptiles,56.0
Italy,TOT_KNOWN,Vascular plants,8195.0
Italy,VULNERABLE,Amphibians,10.0
Italy,VULNERABLE,Birds,21.0
Italy,VULNERABLE,Fish,14.0
Italy,VULNERABLE,Freshwater Fish,8.0
Italy,VULNERABLE,Invertebrates,232.0
Italy,VULNERABLE,Mammals,13.0
Italy,VULNERABLE,Marine Fish,6.0
Italy,VULNERABLE,Reptiles,5.0
Italy,VULNERABLE,Vascular plants,169.0
Japan,CRITICAL,Birds,31.0
Japan,CRITICAL,Fish,60.0
Japan,CRITICAL,Freshwater Fish,54.0
Japan,CRITICAL,Invertebrates,22.0
Japan,CRITICAL,Lichens,43.0
Japan,CRITICAL,Mammals,13.0
Japan,CRITICAL,Marine Fish,6.0
Japan,CRITICAL,Mosses,137.0
Japan,CRITICAL,Reptiles,9.0
Japan,CRITICAL,Vascular plants,520.0
Japan,ENDANGERED,Birds,24.0
Japan,ENDANGERED,Fish,79.0
Japan,ENDANGERED,Freshwater Fish,71.0
Japan,ENDANGERED,Invertebrates,22.0
Japan,ENDANGERED,Lichens,41.0
Japan,ENDANGERED,Mammals,12.0
Japan,ENDANGERED,Marine Fish,8.0
Japan,ENDANGERED,Mosses,138.0
Japan,ENDANGERED,Reptiles,5.0
Japan,ENDANGERED,Vascular plants,529.0
Japan,TOT_KNOWN,Birds,700.0
Japan,TOT_KNOWN,Fish,4300.0
Japan,TOT_KNOWN,Freshwater Fish,400.0
Japan,TOT_KNOWN,Invertebrates,5300.0
Japan,TOT_KNOWN,Lichens,1600.0
Japan,TOT_KNOWN,Mammals,160.0
Japan,TOT_KNOWN,Marine Fish,3900.0
Japan,TOT_KNOWN,Mosses,1800.0
Japan,TOT_KNOWN,Reptiles,100.0
Japan,TOT_KNOWN,Vascular plants,7000.0
Japan,VULNERABLE,Birds,43.0
Japan,VULNERABLE,Fish,46.0
Japan,VULNERABLE,Freshwater Fish,44.0
Japan,VULNERABLE,Invertebrates,43.0
Japan,VULNERABLE,Lichens,20.0
Japan,VULNERABLE,Mammals,9.0
Japan,VULNERABLE,Marine Fish,2.0
Japan,VULNERABLE,Mosses,103.0
Japan,VULNERABLE,Reptiles,23.0
Japan,VULNERABLE,Vascular plants,741.0
Korea,CRITICAL,Amphibians,0.0
Korea,CRITICAL,Birds,7.0
Korea,CRITICAL,Fish,4.0
Korea,CRITICAL,Freshwater Fish,4.0
Korea,CRITICAL,Invertebrates,24.0
Korea,CRITICAL,Mammals,1.0
Korea,CRITICAL,Reptiles,0.0
Korea,CRITICAL,Vascular plants,28.0
Korea,ENDANGERED,Amphibians,2.0
Korea,ENDANGERED,Birds,18.0
Korea,ENDANGERED,Fish,13.0
Korea,ENDANGERED,Freshwater Fish,13.0
Korea,ENDANGERED,Invertebrates,43.0
Korea,ENDANGERED,Mammals,4.0
Korea,ENDANGERED,Reptiles,1.0
Korea,ENDANGERED,Vascular plants,86.0
Korea,TOT_KNOWN,Amphibians,21.0
Korea,TOT_KNOWN,Birds,527.0
Korea,TOT_KNOWN,Fish,1290.0
Korea,TOT_KNOWN,Freshwater Fish,202.0
Korea,TOT_KNOWN,Invertebrates,27568.0
Korea,TOT_KNOWN,Mammals,125.0
Korea,TOT_KNOWN,Reptiles,32.0
Korea,TOT_KNOWN,Vascular plants,4552.0
Korea,VULNERABLE,Amphibians,3.0
Korea,VULNERABLE,Birds,29.0
Korea,VULNERABLE,Fish,7.0
Korea,VULNERABLE,Freshwater Fish,7.0
Korea,VULNERABLE,Invertebrates,137.0
Korea,VULNERABLE,Mammals,9.0
Korea,VULNERABLE,Reptiles,4.0
Korea,VULNERABLE,Vascular plants,110.0
Latvia,CRITICAL,Amphibians,1.0
Latvia,CRITICAL,Birds,4.0
Latvia,CRITICAL,Fish,1.0
Latvia,CRITICAL,Invertebrates,7.0
Latvia,CRITICAL,Lichens,2.0
Latvia,CRITICAL,Mammals,0.0
Latvia,CRITICAL,Mosses,3.0
Latvia,CRITICAL,Reptiles,1.0
Latvia,CRITICAL,Vascular plants,16.0
Latvia,ENDANGERED,Amphibians,1.0
Latvia,ENDANGERED,Birds,19.0
Latvia,ENDANGERED,Fish,0.0
Latvia,ENDANGERED,Invertebrates,38.0
Latvia,ENDANGERED,Lichens,18.0
Latvia,ENDANGERED,Mammals,3.0
Latvia,ENDANGERED,Mosses,41.0
Latvia,ENDANGERED,Reptiles,1.0
Latvia,ENDANGERED,Vascular plants,110.0
Latvia,TOT_KNOWN,Amphibians,13.0
Latvia,TOT_KNOWN,Birds,233.0
Latvia,TOT_KNOWN,Fish,87.0
Latvia,TOT_KNOWN,Invertebrates,17100.0
Latvia,TOT_KNOWN,Lichens,687.0
Latvia,TOT_KNOWN,Mammals,62.0
Latvia,TOT_KNOWN,Mosses,560.0
Latvia,TOT_KNOWN,Reptiles,7.0
Latvia,TOT_KNOWN,Vascular plants,1937.0
Latvia,VULNERABLE,Amphibians,2.0
Latvia,VULNERABLE,Birds,16.0
Latvia,VULNERABLE,Fish,1.0
Latvia,VULNERABLE,Invertebrates,34.0
Latvia,VULNERABLE,Lichens,4.0
Latvia,VULNERABLE,Mammals,2.0
Latvia,VULNERABLE,Mosses,17.0
Latvia,VULNERABLE,Reptiles,0.0
Latvia,VULNERABLE,Vascular plants,83.0
Lithuania,CRITICAL,Birds,19.0
Lithuania,CRITICAL,Fish,3.0
Lithuania,CRITICAL,Freshwater Fish,2.0
Lithuania,CRITICAL,Invertebrates,13.0
Lithuania,CRITICAL,Lichens,24.0
Lithuania,CRITICAL,Marine Fish,1.0
Lithuania,CRITICAL,Mosses,9.0
Lithuania,CRITICAL,Vascular plants,23.0
Lithuania,ENDANGERED,Birds,17.0
Lithuania,ENDANGERED,Fish,0.0
Lithuania,ENDANGERED,Freshwater Fish,0.0
Lithuania,ENDANGERED,Invertebrates,54.0
Lithuania,ENDANGERED,Lichens,16.0
Lithuania,ENDANGERED,Marine Fish,0.0
Lithuania,ENDANGERED,Mosses,13.0
Lithuania,ENDANGERED,Vascular plants,66.0
Lithuania,TOT_KNOWN,Birds,389.0
Lithuania,TOT_KNOWN,Fish,105.0
Lithuania,TOT_KNOWN,Freshwater Fish,54.0
Lithuania,TOT_KNOWN,Invertebrates,25000.0
Lithuania,TOT_KNOWN,Lichens,250.0
Lithuania,TOT_KNOWN,Marine Fish,51.0
Lithuania,TOT_KNOWN,Mosses,470.0
Lithuania,TOT_KNOWN,Vascular plants,1334.0
Lithuania,VULNERABLE,Birds,20.0
Lithuania,VULNERABLE,Fish,2.0
Lithuania,VULNERABLE,Freshwater Fish,2.0
Lithuania,VULNERABLE,Invertebrates,22.0
Lithuania,VULNERABLE,Lichens,3.0
Lithuania,VULNERABLE,Marine Fish,0.0
Lithuania,VULNERABLE,Mosses,26.0
Lithuania,VULNERABLE,Vascular plants,41.0
Luxembourg,CRITICAL,Amphibians,2.0
Luxembourg,CRITICAL,Birds,7.0
Luxembourg,CRITICAL,Fish,3.0
Luxembourg,CRITICAL,Freshwater Fish,3.0
Luxembourg,CRITICAL,Invertebrates,7.0
Luxembourg,CRITICAL,Reptiles,0.0
Luxembourg,CRITICAL,Vascular plants,121.0
Luxembourg,ENDANGERED,Amphibians,1.0
Luxembourg,ENDANGERED,Birds,8.0
Luxembourg,ENDANGERED,Fish,1.0
Luxembourg,ENDANGERED,Freshwater Fish,1.0
Luxembourg,ENDANGERED,Invertebrates,7.0
Luxembourg,ENDANGERED,Reptiles,0.0
Luxembourg,ENDANGERED,Vascular plants,124.0
Luxembourg,TOT_KNOWN,Amphibians,14.0
Luxembourg,TOT_KNOWN,Birds,131.0
Luxembourg,TOT_KNOWN,Fish,43.0
Luxembourg,TOT_KNOWN,Freshwater Fish,43.0
Luxembourg,TOT_KNOWN,Invertebrates,149.0
Luxembourg,TOT_KNOWN,Reptiles,6.0
Luxembourg,TOT_KNOWN,Vascular plants,1323.0
Luxembourg,VULNERABLE,Amphibians,1.0
Luxembourg,VULNERABLE,Birds,11.0
Luxembourg,VULNERABLE,Fish,8.0
Luxembourg,VULNERABLE,Freshwater Fish,8.0
Luxembourg,VULNERABLE,Invertebrates,9.0
Luxembourg,VULNERABLE,Reptiles,2.0
Luxembourg,VULNERABLE,Vascular plants,109.0
Mexico,CRITICAL,Amphibians,0.0
Mexico,CRITICAL,Birds,18.0
Mexico,CRITICAL,Fish,14.0
Mexico,CRITICAL,Freshwater Fish,13.0
Mexico,CRITICAL,Mammals,9.0
Mexico,CRITICAL,Marine Fish,0.0
Mexico,CRITICAL,Mosses,0.0
Mexico,CRITICAL,Reptiles,0.0
Mexico,CRITICAL,Vascular plants,6.0
Mexico,ENDANGERED,Amphibians,15.0
Mexico,ENDANGERED,Birds,96.0
Mexico,ENDANGERED,Fish,85.0
Mexico,ENDANGERED,Freshwater Fish,74.0
Mexico,ENDANGERED,Mammals,50.0
Mexico,ENDANGERED,Marine Fish,1.0
Mexico,ENDANGERED,Mosses,0.0
Mexico,ENDANGERED,Reptiles,28.0
Mexico,ENDANGERED,Vascular plants,220.0
Mexico,TOT_KNOWN,Amphibians,413.0
Mexico,TOT_KNOWN,Birds,1117.0
Mexico,TOT_KNOWN,Fish,2763.0
Mexico,TOT_KNOWN,Freshwater Fish,505.0
Mexico,TOT_KNOWN,Mammals,564.0
Mexico,TOT_KNOWN,Marine Fish,2224.0
Mexico,TOT_KNOWN,Mosses,1000.0
Mexico,TOT_KNOWN,Reptiles,953.0
Mexico,TOT_KNOWN,Vascular plants,23296.0
Mexico,VULNERABLE,Amphibians,43.0
Mexico,VULNERABLE,Birds,127.0
Mexico,VULNERABLE,Fish,76.0
Mexico,VULNERABLE,Freshwater Fish,65.0
Mexico,VULNERABLE,Mammals,91.0
Mexico,VULNERABLE,Marine Fish,2.0
Mexico,VULNERABLE,Mosses,2.0
Mexico,VULNERABLE,Reptiles,142.0
Mexico,VULNERABLE,Vascular plants,350.0
Netherlands,CRITICAL,Amphibians,2.0
Netherlands,CRITICAL,Birds,10.0
Netherlands,CRITICAL,Fish,4.0
Netherlands,CRITICAL,Freshwater Fish,1.0
Netherlands,CRITICAL,Invertebrates,51.0
Netherlands,CRITICAL,Lichens,49.0
Netherlands,CRITICAL,Mammals,2.0
Netherlands,CRITICAL,Marine Fish,3.0
Netherlands,CRITICAL,Mosses,52.0
Netherlands,CRITICAL,Vascular plants,71.0
Netherlands,ENDANGERED,Amphibians,2.0
Netherlands,ENDANGERED,Birds,10.0
Netherlands,ENDANGERED,Fish,5.0
Netherlands,ENDANGERED,Freshwater Fish,2.0
Netherlands,ENDANGERED,Invertebrates,60.0
Netherlands,ENDANGERED,Lichens,42.0
Netherlands,ENDANGERED,Mammals,3.0
Netherlands,ENDANGERED,Marine Fish,3.0
Netherlands,ENDANGERED,Mosses,27.0
Netherlands,ENDANGERED,Vascular plants,117.0
Netherlands,TOT_KNOWN,Amphibians,16.0
Netherlands,TOT_KNOWN,Birds,168.0
Netherlands,TOT_KNOWN,Fish,97.0
Netherlands,TOT_KNOWN,Freshwater Fish,40.0
Netherlands,TOT_KNOWN,Invertebrates,507.0
Netherlands,TOT_KNOWN,Lichens,683.0
Netherlands,TOT_KNOWN,Mammals,53.0
Netherlands,TOT_KNOWN,Marine Fish,57.0
Netherlands,TOT_KNOWN,Mosses,517.0
Netherlands,TOT_KNOWN,Vascular plants,1395.0
Netherlands,VULNERABLE,Amphibians,3.0
Netherlands,VULNERABLE,Birds,21.0
Netherlands,VULNERABLE,Fish,14.0
Netherlands,VULNERABLE,Freshwater Fish,10.0
Netherlands,VULNERABLE,Invertebrates,51.0
Netherlands,VULNERABLE,Lichens,65.0
Netherlands,VULNERABLE,Mammals,6.0
Netherlands,VULNERABLE,Marine Fish,4.0
Netherlands,VULNERABLE,Mosses,43.0
Netherlands,VULNERABLE,Vascular plants,168.0
New Zealand,CRITICAL,Invertebrates,133.0
New Zealand,ENDANGERED,Invertebrates,62.0
New Zealand,TOT_KNOWN,Invertebrates,33000.0
New Zealand,VULNERABLE,Invertebrates,71.0
Norway,CRITICAL,Birds,6.0
Norway,CRITICAL,Fish,1.0
Norway,CRITICAL,Invertebrates,92.0
Norway,CRITICAL,Lichens,45.0
Norway,CRITICAL,Mammals,5.0
Norway,CRITICAL,Marine Fish,1.0
Norway,CRITICAL,Mosses,22.0
Norway,CRITICAL,Vascular plants,35.0
Norway,ENDANGERED,Birds,15.0
Norway,ENDANGERED,Fish,4.0
Norway,ENDANGERED,Invertebrates,459.0
Norway,ENDANGERED,Lichens,73.0
Norway,ENDANGERED,Mammals,5.0
Norway,ENDANGERED,Marine Fish,4.0
Norway,ENDANGERED,Mosses,61.0
Norway,ENDANGERED,Vascular plants,100.0
Norway,TOT_KNOWN,Birds,264.0
Norway,TOT_KNOWN,Fish,312.0
Norway,TOT_KNOWN,Invertebrates,18010.0
Norway,TOT_KNOWN,Lichens,2032.0
Norway,TOT_KNOWN,Mammals,89.0
Norway,TOT_KNOWN,Marine Fish,278.0
Norway,TOT_KNOWN,Mosses,1085.0
Norway,TOT_KNOWN,Vascular plants,3243.0
Norway,VULNERABLE,Birds,25.0
Norway,VULNERABLE,Fish,2.0
Norway,VULNERABLE,Invertebrates,706.0
Norway,VULNERABLE,Lichens,99.0
Norway,VULNERABLE,Mammals,7.0
Norway,VULNERABLE,Marine Fish,2.0
Norway,VULNERABLE,Mosses,59.0
Norway,VULNERABLE,Vascular plants,111.0
Poland,CRITICAL,Birds,16.0
Poland,CRITICAL,Fish,6.0
Poland,CRITICAL,Freshwater Fish,1.0
Poland,CRITICAL,Invertebrates,152.0
Poland,CRITICAL,Lichens,179.0
Poland,CRITICAL,Mammals,2.0
Poland,CRITICAL,Marine Fish,1.0
Poland,CRITICAL,Reptiles,1.0
Poland,CRITICAL,Vascular plants,127.0
Poland,ENDANGERED,Birds,8.0
Poland,ENDANGERED,Fish,5.0
Poland,ENDANGERED,Freshwater Fish,4.0
Poland,ENDANGERED,Invertebrates,358.0
Poland,ENDANGERED,Lichens,201.0
Poland,ENDANGERED,Mammals,10.0
Poland,ENDANGERED,Marine Fish,0.0
Poland,ENDANGERED,Reptiles,1.0
Poland,ENDANGERED,Vascular plants,154.0
Poland,TOT_KNOWN,Birds,456.0
Poland,TOT_KNOWN,Fish,126.0
Poland,TOT_KNOWN,Freshwater Fish,77.0
Poland,TOT_KNOWN,Invertebrates,33872.0
Poland,TOT_KNOWN,Lichens,1701.0
Poland,TOT_KNOWN,Mammals,112.0
Poland,TOT_KNOWN,Marine Fish,36.0
Poland,TOT_KNOWN,Reptiles,12.0
Poland,TOT_KNOWN,Vascular plants,3139.0
Poland,VULNERABLE,Birds,10.0
Poland,VULNERABLE,Fish,14.0
Poland,VULNERABLE,Freshwater Fish,12.0
Poland,VULNERABLE,Invertebrates,571.0
Poland,VULNERABLE,Lichens,165.0
Poland,VULNERABLE,Mammals,1.0
Poland,VULNERABLE,Marine Fish,1.0
Poland,VULNERABLE,Reptiles,1.0
Poland,VULNERABLE,Vascular plants,208.0
Portugal,CRITICAL,Birds,20.0
Portugal,CRITICAL,Fish,8.0
Portugal,CRITICAL,Mammals,11.0
Portugal,ENDANGERED,Birds,30.0
Portugal,ENDANGERED,Fish,10.0
Portugal,ENDANGERED,Mammals,7.0
Portugal,TOT_KNOWN,Birds,393.0
Portugal,TOT_KNOWN,Fish,65.0
Portugal,TOT_KNOWN,Mammals,158.0
Portugal,VULNERABLE,Birds,61.0
Portugal,VULNERABLE,Fish,4.0
Portugal,VULNERABLE,Mammals,13.0
Slovak Republic,CRITICAL,Birds,10.0
Slovak Republic,CRITICAL,Invertebrates,199.0
Slovak Republic,CRITICAL,Lichens,140.0
Slovak Republic,CRITICAL,Mammals,2.0
Slovak Republic,CRITICAL,Mosses,95.0
Slovak Republic,CRITICAL,Vascular plants,155.0
Slovak Republic,ENDANGERED,Birds,24.0
Slovak Republic,ENDANGERED,Invertebrates,401.0
Slovak Republic,ENDANGERED,Lichens,48.0
Slovak Republic,ENDANGERED,Mammals,6.0
Slovak Republic,ENDANGERED,Mosses,104.0
Slovak Republic,ENDANGERED,Vascular plants,171.0
Slovak Republic,TOT_KNOWN,Birds,211.0
Slovak Republic,TOT_KNOWN,Invertebrates,24818.0
Slovak Republic,TOT_KNOWN,Lichens,1508.0
Slovak Republic,TOT_KNOWN,Mammals,90.0
Slovak Republic,TOT_KNOWN,Mosses,909.0
Slovak Republic,TOT_KNOWN,Vascular plants,3619.0
Slovak Republic,VULNERABLE,Birds,17.0
Slovak Republic,VULNERABLE,Invertebrates,1036.0
Slovak Republic,VULNERABLE,Lichens,169.0
Slovak Republic,VULNERABLE,Mammals,12.0
Slovak Republic,VULNERABLE,Mosses,112.0
Slovak Republic,VULNERABLE,Vascular plants,201.0
Slovenia,CRITICAL,Birds,17.0
Slovenia,ENDANGERED,Birds,43.0
Slovenia,TOT_KNOWN,Birds,380.0
Slovenia,VULNERABLE,Birds,45.0
Spain,CRITICAL,Amphibians,1.0
Spain,CRITICAL,Birds,10.0
Spain,CRITICAL,Fish,9.0
Spain,CRITICAL,Freshwater Fish,9.0
Spain,CRITICAL,Mammals,2.0
Spain,CRITICAL,Marine Fish,0.0
Spain,CRITICAL,Mosses,46.0
Spain,CRITICAL,Reptiles,4.0
Spain,CRITICAL,Vascular plants,240.0
Spain,ENDANGERED,Amphibians,2.0
Spain,ENDANGERED,Birds,21.0
Spain,ENDANGERED,Fish,9.0
Spain,ENDANGERED,Freshwater Fish,7.0
Spain,ENDANGERED,Mammals,6.0
Spain,ENDANGERED,Marine Fish,2.0
Spain,ENDANGERED,Mosses,52.0
Spain,ENDANGERED,Reptiles,5.0
Spain,ENDANGERED,Vascular plants,202.0
Spain,TOT_KNOWN,Amphibians,39.0
Spain,TOT_KNOWN,Birds,641.0
Spain,TOT_KNOWN,Fish,1146.0
Spain,TOT_KNOWN,Freshwater Fish,82.0
Spain,TOT_KNOWN,Mammals,174.0
Spain,TOT_KNOWN,Marine Fish,1064.0
Spain,TOT_KNOWN,Mosses,1100.0
Spain,TOT_KNOWN,Reptiles,104.0
Spain,TOT_KNOWN,Vascular plants,7603.0
Spain,VULNERABLE,Amphibians,6.0
Spain,VULNERABLE,Birds,35.0
Spain,VULNERABLE,Fish,24.0
Spain,VULNERABLE,Freshwater Fish,19.0
Spain,VULNERABLE,Mammals,18.0
Spain,VULNERABLE,Marine Fish,5.0
Spain,VULNERABLE,Mosses,161.0
Spain,VULNERABLE,Reptiles,10.0
Spain,VULNERABLE,Vascular plants,439.0
Sweden,CRITICAL,Birds,6.0
Sweden,CRITICAL,Fish,6.0
Sweden,CRITICAL,Mammals,5.0
Sweden,CRITICAL,Marine Fish,6.0
Sweden,CRITICAL,Vascular plants,43.0
Sweden,ENDANGERED,Birds,11.0
Sweden,ENDANGERED,Fish,6.0
Sweden,ENDANGERED,Mammals,3.0
Sweden,ENDANGERED,Marine Fish,6.0
Sweden,ENDANGERED,Vascular plants,114.0
Sweden,TOT_KNOWN,Birds,257.0
Sweden,TOT_KNOWN,Fish,141.0
Sweden,TOT_KNOWN,Mammals,65.0
Sweden,TOT_KNOWN,Marine Fish,100.0
Sweden,TOT_KNOWN,Vascular plants,1561.0
Sweden,VULNERABLE,Birds,35.0
Sweden,VULNERABLE,Fish,8.0
Sweden,VULNERABLE,Mammals,6.0
Sweden,VULNERABLE,Marine Fish,7.0
Sweden,VULNERABLE,Vascular plants,113.0
Switzerland,CRITICAL,Amphibians,0.0
Switzerland,CRITICAL,Birds,9.0
Switzerland,CRITICAL,Fish,6.0
Switzerland,CRITICAL,Freshwater Fish,6.0
Switzerland,CRITICAL,Invertebrates,229.0
Switzerland,CRITICAL,Lichens,45.0
Switzerland,CRITICAL,Mammals,5.0
Switzerland,CRITICAL,Mosses,61.0
Switzerland,CRITICAL,Reptiles,3.0
Switzerland,CRITICAL,Vascular plants,111.0
Switzerland,ENDANGERED,Amphibians,9.0
Switzerland,ENDANGERED,Birds,21.0
Switzerland,ENDANGERED,Fish,5.0
Switzerland,ENDANGERED,Freshwater Fish,5.0
Switzerland,ENDANGERED,Invertebrates,358.0
Switzerland,ENDANGERED,Lichens,96.0
Switzerland,ENDANGERED,Mammals,13.0
Switzerland,ENDANGERED,Mosses,58.0
Switzerland,ENDANGERED,Reptiles,7.0
Switzerland,ENDANGERED,Vascular plants,197.0
Switzerland,TOT_KNOWN,Amphibians,19.0
Switzerland,TOT_KNOWN,Birds,205.0
Switzerland,TOT_KNOWN,Fish,70.0
Switzerland,TOT_KNOWN,Freshwater Fish,70.0
Switzerland,TOT_KNOWN,Invertebrates,3154.0
Switzerland,TOT_KNOWN,Lichens,713.0
Switzerland,TOT_KNOWN,Mammals,93.0
Switzerland,TOT_KNOWN,Mosses,996.0
Switzerland,TOT_KNOWN,Reptiles,19.0
Switzerland,TOT_KNOWN,Vascular plants,2613.0
Switzerland,VULNERABLE,Amphibians,4.0
Switzerland,VULNERABLE,Birds,41.0
Switzerland,VULNERABLE,Fish,13.0
Switzerland,VULNERABLE,Freshwater Fish,13.0
Switzerland,VULNERABLE,Invertebrates,487.0
Switzerland,VULNERABLE,Lichens,116.0
Switzerland,VULNERABLE,Mammals,16.0
Switzerland,VULNERABLE,Mosses,282.0
Switzerland,VULNERABLE,Reptiles,5.0
Switzerland,VULNERABLE,Vascular plants,362.0
United Kingdom,CRITICAL,Birds,27.0
United Kingdom,CRITICAL,Invertebrates,82.0
United Kingdom,CRITICAL,Lichens,45.0
United Kingdom,CRITICAL,Mammals,2.0
United Kingdom,CRITICAL,Mosses,23.0
United Kingdom,CRITICAL,Vascular plants,42.0
United Kingdom,ENDANGERED,Birds,43.0
United Kingdom,ENDANGERED,Invertebrates,118.0
United Kingdom,ENDANGERED,Lichens,34.0
United Kingdom,ENDANGERED,Mammals,4.0
United Kingdom,ENDANGERED,Mosses,37.0
United Kingdom,ENDANGERED,Vascular plants,110.0
United Kingdom,TOT_KNOWN,Birds,590.0
United Kingdom,TOT_KNOWN,Invertebrates,36242.0
United Kingdom,TOT_KNOWN,Lichens,2875.0
United Kingdom,TOT_KNOWN,Mammals,107.0
United Kingdom,TOT_KNOWN,Mosses,805.0
United Kingdom,TOT_KNOWN,Vascular plants,4562.0
United Kingdom,VULNERABLE,Birds,52.0
United Kingdom,VULNERABLE,Invertebrates,202.0
United Kingdom,VULNERABLE,Lichens,108.0
United Kingdom,VULNERABLE,Mammals,5.0
United Kingdom,VULNERABLE,Mosses,63.0
United Kingdom,VULNERABLE,Vascular plants,214.0
